timestamp,original_file,viewer,fuzz_type,payload_offset_attempted,trigger_offset_attempted,status,reason,retry_attempt,payload_validated,platform,fitting_payload_addr,fitting_offsets,success_label,confidence_score
1774806623.0988836,infect_test.png,png_consumer,optimization_bypass,0,0,FAILED,not triggered,0,False,linux_6.17.0_1008_nvidia_aarch64_with_glibc2.39,,,0,0.0
1774806633.911797,infect_test.png,png_consumer,optimization_bypass,8,0,FAILED,not triggered,1,False,linux_6.17.0_1008_nvidia_aarch64_with_glibc2.39,,,0,0.0
1774806644.5727394,infect_test.png,png_consumer,optimization_bypass,16,0,FAILED,not triggered,2,False,linux_6.17.0_1008_nvidia_aarch64_with_glibc2.39,,,0,0.0
1774806655.112768,infect_test.png,png_consumer,optimization_bypass,24,0,FAILED,not triggered,3,False,linux_6.17.0_1008_nvidia_aarch64_with_glibc2.39,,,0,0.0
1774806665.6319935,infect_test.png,png_consumer,optimization_bypass,32,0,FAILED,not triggered,4,False,linux_6.17.0_1008_nvidia_aarch64_with_glibc2.39,,,0,0.0
1774806676.2405493,infect_test.png,png_consumer,uaf,0,0,FAILED,not triggered,0,False,linux_6.17.0_1008_nvidia_aarch64_with_glibc2.39,,,0,0.0
1774806686.7846377,infect_test.png,png_consumer,uaf,8,0,FAILED,not triggered,1,False,linux_6.17.0_1008_nvidia_aarch64_with_glibc2.39,,,0,0.0
1774806697.3481743,infect_test.png,png_consumer,uaf,16,0,FAILED,not triggered,2,False,linux_6.17.0_1008_nvidia_aarch64_with_glibc2.39,,,0,0.0
1774806707.890084,infect_test.png,png_consumer,uaf,24,0,FAILED,not triggered,3,False,linux_6.17.0_1008_nvidia_aarch64_with_glibc2.39,,,0,0.0
1774806718.4201112,infect_test.png,png_consumer,uaf,32,0,FAILED,not triggered,4,False,linux_6.17.0_1008_nvidia_aarch64_with_glibc2.39,,,0,0.0
1774806728.971879,infect_test.png,png_consumer,overflow,0,0,SUCCESS,payload executed,0,True,linux_6.17.0_1008_nvidia_aarch64_with_glibc2.39,,,1,0.0
1774806729.8869617,infect_test.png,png_consumer,overflow_VOP,0,0,SUCCESS_VOP,VOP bypass successful,0,True,linux_6.17.0_1008_nvidia_aarch64_with_glibc2.39,,,1,0.0
1774806730.7521996,infect_test.png,png_consumer,overflow_DOP,0,0,SUCCESS_DOP,DOP bypass successful,0,True,linux_6.17.0_1008_nvidia_aarch64_with_glibc2.39,,,1,0.0
1774806730.7773185,infect_test.png,png_consumer,metadata_trigger,0,0,FAILED,not triggered,0,False,linux_6.17.0_1008_nvidia_aarch64_with_glibc2.39,,,0,0.0
1774806741.3137875,infect_test.png,png_consumer,metadata_trigger,8,0,FAILED,not triggered,1,False,linux_6.17.0_1008_nvidia_aarch64_with_glibc2.39,,,0,0.0
1774806751.8427515,infect_test.png,png_consumer,metadata_trigger,16,0,FAILED,not triggered,2,False,linux_6.17.0_1008_nvidia_aarch64_with_glibc2.39,,,0,0.0
1774806762.3866677,infect_test.png,png_consumer,metadata_trigger,24,0,FAILED,not triggered,3,False,linux_6.17.0_1008_nvidia_aarch64_with_glibc2.39,,,0,0.0
1774806772.9350626,infect_test.png,png_consumer,metadata_trigger,32,0,FAILED,not triggered,4,False,linux_6.17.0_1008_nvidia_aarch64_with_glibc2.39,,,0,0.0
1774806783.5395103,infect_test.png,png_consumer,generic_viewer,0,0,FAILED,not triggered,0,False,linux_6.17.0_1008_nvidia_aarch64_with_glibc2.39,,,0,0.0
1774806794.063472,infect_test.png,png_consumer,generic_viewer,8,0,FAILED,not triggered,1,False,linux_6.17.0_1008_nvidia_aarch64_with_glibc2.39,,,0,0.0
1774806804.5847418,infect_test.png,png_consumer,generic_viewer,16,0,FAILED,not triggered,2,False,linux_6.17.0_1008_nvidia_aarch64_with_glibc2.39,,,0,0.0
1774806815.08744,infect_test.png,png_consumer,generic_viewer,24,0,FAILED,not triggered,3,False,linux_6.17.0_1008_nvidia_aarch64_with_glibc2.39,,,0,0.0
1774806825.6513708,infect_test.png,png_consumer,generic_viewer,32,0,FAILED,not triggered,4,False,linux_6.17.0_1008_nvidia_aarch64_with_glibc2.39,,,0,0.0
1774806836.1980953,infect_test.png,png_consumer,aggressive_viewer,0,0,FAILED,not triggered,0,False,linux_6.17.0_1008_nvidia_aarch64_with_glibc2.39,,,0,0.0
1774806846.7494469,infect_test.png,png_consumer,aggressive_viewer,8,0,FAILED,not triggered,1,False,linux_6.17.0_1008_nvidia_aarch64_with_glibc2.39,,,0,0.0
1774806857.2897825,infect_test.png,png_consumer,aggressive_viewer,16,0,FAILED,not triggered,2,False,linux_6.17.0_1008_nvidia_aarch64_with_glibc2.39,,,0,0.0
1774806867.8482127,infect_test.png,png_consumer,aggressive_viewer,24,0,FAILED,not triggered,3,False,linux_6.17.0_1008_nvidia_aarch64_with_glibc2.39,,,0,0.0
1774806878.3622818,infect_test.png,png_consumer,aggressive_viewer,32,0,FAILED,not triggered,4,False,linux_6.17.0_1008_nvidia_aarch64_with_glibc2.39,,,0,0.0
1774806888.878952,infect_test.png,png_consumer,double_free,0,0,FAILED,not triggered,0,False,linux_6.17.0_1008_nvidia_aarch64_with_glibc2.39,,,0,0.0
1774806899.4874508,infect_test.png,png_consumer,double_free,8,0,FAILED,not triggered,1,False,linux_6.17.0_1008_nvidia_aarch64_with_glibc2.39,,,0,0.0
1774806910.069441,infect_test.png,png_consumer,double_free,16,0,FAILED,not triggered,2,False,linux_6.17.0_1008_nvidia_aarch64_with_glibc2.39,,,0,0.0
1774806920.6556466,infect_test.png,png_consumer,double_free,24,0,FAILED,not triggered,3,False,linux_6.17.0_1008_nvidia_aarch64_with_glibc2.39,,,0,0.0
1774806931.226451,infect_test.png,png_consumer,double_free,32,0,FAILED,not triggered,4,False,linux_6.17.0_1008_nvidia_aarch64_with_glibc2.39,,,0,0.0
1774806942.0890877,infect_test.png,eog,overflow,0,0,FAILED,not triggered,0,False,linux_6.17.0_1008_nvidia_aarch64_with_glibc2.39,,,0,0.0
1774806953.6818364,infect_test.png,eog,overflow,8,0,FAILED,not triggered,1,False,linux_6.17.0_1008_nvidia_aarch64_with_glibc2.39,,,0,0.0
1774806964.4982285,infect_test.png,eog,overflow,16,0,FAILED,not triggered,2,False,linux_6.17.0_1008_nvidia_aarch64_with_glibc2.39,,,0,0.0
1774806975.8329437,infect_test.png,eog,overflow,24,0,FAILED,not triggered,3,False,linux_6.17.0_1008_nvidia_aarch64_with_glibc2.39,,,0,0.0
1774806986.549238,infect_test.png,eog,overflow,32,0,FAILED,not triggered,4,False,linux_6.17.0_1008_nvidia_aarch64_with_glibc2.39,,,0,0.0
1774806941.9047976,infect_test.png,eog,generic_viewer,0,0,FAILED,not triggered,0,False,linux_6.17.0_1008_nvidia_aarch64_with_glibc2.39,,,0,0.0
1774806953.555364,infect_test.png,eog,generic_viewer,8,0,FAILED,not triggered,1,False,linux_6.17.0_1008_nvidia_aarch64_with_glibc2.39,,,0,0.0
1774806964.4996245,infect_test.png,eog,generic_viewer,16,0,FAILED,not triggered,2,False,linux_6.17.0_1008_nvidia_aarch64_with_glibc2.39,,,0,0.0
1774806975.3773777,infect_test.png,eog,generic_viewer,24,0,FAILED,not triggered,3,False,linux_6.17.0_1008_nvidia_aarch64_with_glibc2.39,,,0,0.0
1774806986.5693989,infect_test.png,eog,generic_viewer,32,0,FAILED,not triggered,4,False,linux_6.17.0_1008_nvidia_aarch64_with_glibc2.39,,,0,0.0
1774806941.9812508,infect_test.png,PIL,aggressive_viewer,0,0,FAILED,not triggered,0,False,linux_6.17.0_1008_nvidia_aarch64_with_glibc2.39,,,0,0.0
1774806953.1827505,infect_test.png,PIL,aggressive_viewer,8,0,FAILED,not triggered,1,False,linux_6.17.0_1008_nvidia_aarch64_with_glibc2.39,,,0,0.0
1774806964.8429012,infect_test.png,PIL,aggressive_viewer,16,0,FAILED,not triggered,2,False,linux_6.17.0_1008_nvidia_aarch64_with_glibc2.39,,,0,0.0
1774806975.6198494,infect_test.png,PIL,aggressive_viewer,24,0,FAILED,not triggered,3,False,linux_6.17.0_1008_nvidia_aarch64_with_glibc2.39,,,0,0.0
1774806986.841406,infect_test.png,PIL,aggressive_viewer,32,0,FAILED,not triggered,4,False,linux_6.17.0_1008_nvidia_aarch64_with_glibc2.39,,,0,0.0
1774806942.0291493,infect_test.png,eog,double_free,0,0,FAILED,not triggered,0,False,linux_6.17.0_1008_nvidia_aarch64_with_glibc2.39,,,0,0.0
1774806953.1515346,infect_test.png,eog,double_free,8,0,FAILED,not triggered,1,False,linux_6.17.0_1008_nvidia_aarch64_with_glibc2.39,,,0,0.0
1774806964.6698823,infect_test.png,eog,double_free,16,0,FAILED,not triggered,2,False,linux_6.17.0_1008_nvidia_aarch64_with_glibc2.39,,,0,0.0
1774806975.9783778,infect_test.png,eog,double_free,24,0,FAILED,not triggered,3,False,linux_6.17.0_1008_nvidia_aarch64_with_glibc2.39,,,0,0.0
1774806986.843011,infect_test.png,eog,double_free,32,0,FAILED,not triggered,4,False,linux_6.17.0_1008_nvidia_aarch64_with_glibc2.39,,,0,0.0
1774806942.0067935,infect_test.png,PIL,metadata_trigger,0,0,FAILED,not triggered,0,False,linux_6.17.0_1008_nvidia_aarch64_with_glibc2.39,,,0,0.0
1774806953.1811743,infect_test.png,PIL,metadata_trigger,8,0,FAILED,not triggered,1,False,linux_6.17.0_1008_nvidia_aarch64_with_glibc2.39,,,0,0.0
1774806964.9272823,infect_test.png,PIL,metadata_trigger,16,0,FAILED,not triggered,2,False,linux_6.17.0_1008_nvidia_aarch64_with_glibc2.39,,,0,0.0
1774806975.61963,infect_test.png,PIL,metadata_trigger,24,0,FAILED,not triggered,3,False,linux_6.17.0_1008_nvidia_aarch64_with_glibc2.39,,,0,0.0
1774806986.7210205,infect_test.png,PIL,metadata_trigger,32,0,FAILED,not triggered,4,False,linux_6.17.0_1008_nvidia_aarch64_with_glibc2.39,,,0,0.0
1774806942.0832734,infect_test.png,eog,uaf,0,0,FAILED,not triggered,0,False,linux_6.17.0_1008_nvidia_aarch64_with_glibc2.39,,,0,0.0
1774806953.5159924,infect_test.png,eog,uaf,8,0,FAILED,not triggered,1,False,linux_6.17.0_1008_nvidia_aarch64_with_glibc2.39,,,0,0.0
1774806965.0868711,infect_test.png,eog,uaf,16,0,FAILED,not triggered,2,False,linux_6.17.0_1008_nvidia_aarch64_with_glibc2.39,,,0,0.0
1774806976.325541,infect_test.png,eog,uaf,24,0,FAILED,not triggered,3,False,linux_6.17.0_1008_nvidia_aarch64_with_glibc2.39,,,0,0.0
1774806987.1459281,infect_test.png,eog,uaf,32,0,FAILED,not triggered,4,False,linux_6.17.0_1008_nvidia_aarch64_with_glibc2.39,,,0,0.0
1774806942.0613005,infect_test.png,PIL,optimization_bypass,0,0,FAILED,not triggered,0,False,linux_6.17.0_1008_nvidia_aarch64_with_glibc2.39,,,0,0.0
1774806954.1726198,infect_test.png,PIL,optimization_bypass,8,0,FAILED,not triggered,1,False,linux_6.17.0_1008_nvidia_aarch64_with_glibc2.39,,,0,0.0
1774806965.6195788,infect_test.png,PIL,optimization_bypass,16,0,FAILED,not triggered,2,False,linux_6.17.0_1008_nvidia_aarch64_with_glibc2.39,,,0,0.0
1774806976.3445473,infect_test.png,PIL,optimization_bypass,24,0,FAILED,not triggered,3,False,linux_6.17.0_1008_nvidia_aarch64_with_glibc2.39,,,0,0.0
1774806987.134124,infect_test.png,PIL,optimization_bypass,32,0,FAILED,not triggered,4,False,linux_6.17.0_1008_nvidia_aarch64_with_glibc2.39,,,0,0.0
1774806942.1033182,infect_test.png,PIL,double_free,0,0,FAILED,not triggered,0,False,linux_6.17.0_1008_nvidia_aarch64_with_glibc2.39,,,0,0.0
1774806953.6188586,infect_test.png,PIL,double_free,8,0,FAILED,not triggered,1,False,linux_6.17.0_1008_nvidia_aarch64_with_glibc2.39,,,0,0.0
1774806964.747449,infect_test.png,PIL,double_free,16,0,FAILED,not triggered,2,False,linux_6.17.0_1008_nvidia_aarch64_with_glibc2.39,,,0,0.0
1774806976.3268476,infect_test.png,PIL,double_free,24,0,FAILED,not triggered,3,False,linux_6.17.0_1008_nvidia_aarch64_with_glibc2.39,,,0,0.0
1774806987.14527,infect_test.png,PIL,double_free,32,0,FAILED,not triggered,4,False,linux_6.17.0_1008_nvidia_aarch64_with_glibc2.39,,,0,0.0
1774806942.0509393,infect_test.png,eog,optimization_bypass,0,0,FAILED,not triggered,0,False,linux_6.17.0_1008_nvidia_aarch64_with_glibc2.39,,,0,0.0
1774806953.1810424,infect_test.png,eog,optimization_bypass,8,0,FAILED,not triggered,1,False,linux_6.17.0_1008_nvidia_aarch64_with_glibc2.39,,,0,0.0
1774806964.8417106,infect_test.png,eog,optimization_bypass,16,0,FAILED,not triggered,2,False,linux_6.17.0_1008_nvidia_aarch64_with_glibc2.39,,,0,0.0
1774806976.3263948,infect_test.png,eog,optimization_bypass,24,0,FAILED,not triggered,3,False,linux_6.17.0_1008_nvidia_aarch64_with_glibc2.39,,,0,0.0
1774806987.7252982,infect_test.png,eog,optimization_bypass,32,0,FAILED,not triggered,4,False,linux_6.17.0_1008_nvidia_aarch64_with_glibc2.39,,,0,0.0
1774806942.1039736,infect_test.png,PIL,overflow,0,0,FAILED,not triggered,0,False,linux_6.17.0_1008_nvidia_aarch64_with_glibc2.39,,,0,0.0
1774806953.6794226,infect_test.png,PIL,overflow,8,0,FAILED,not triggered,1,False,linux_6.17.0_1008_nvidia_aarch64_with_glibc2.39,,,0,0.0
1774806964.5766108,infect_test.png,PIL,overflow,16,0,FAILED,not triggered,2,False,linux_6.17.0_1008_nvidia_aarch64_with_glibc2.39,,,0,0.0
1774806976.1374207,infect_test.png,PIL,overflow,24,0,FAILED,not triggered,3,False,linux_6.17.0_1008_nvidia_aarch64_with_glibc2.39,,,0,0.0
1774806987.222539,infect_test.png,PIL,overflow,32,0,FAILED,not triggered,4,False,linux_6.17.0_1008_nvidia_aarch64_with_glibc2.39,,,0,0.0
1774806942.0092564,infect_test.png,PIL,generic_viewer,0,0,FAILED,not triggered,0,False,linux_6.17.0_1008_nvidia_aarch64_with_glibc2.39,,,0,0.0
1774806953.6162162,infect_test.png,PIL,generic_viewer,8,0,FAILED,not triggered,1,False,linux_6.17.0_1008_nvidia_aarch64_with_glibc2.39,,,0,0.0
1774806964.6687586,infect_test.png,PIL,generic_viewer,16,0,FAILED,not triggered,2,False,linux_6.17.0_1008_nvidia_aarch64_with_glibc2.39,,,0,0.0
1774806976.1000347,infect_test.png,PIL,generic_viewer,24,0,FAILED,not triggered,3,False,linux_6.17.0_1008_nvidia_aarch64_with_glibc2.39,,,0,0.0
1774806987.557862,infect_test.png,PIL,generic_viewer,32,0,FAILED,not triggered,4,False,linux_6.17.0_1008_nvidia_aarch64_with_glibc2.39,,,0,0.0
1774806942.0835683,infect_test.png,PIL,uaf,0,0,FAILED,not triggered,0,False,linux_6.17.0_1008_nvidia_aarch64_with_glibc2.39,,,0,0.0
1774806953.831532,infect_test.png,PIL,uaf,8,0,FAILED,not triggered,1,False,linux_6.17.0_1008_nvidia_aarch64_with_glibc2.39,,,0,0.0
1774806965.1659935,infect_test.png,PIL,uaf,16,0,FAILED,not triggered,2,False,linux_6.17.0_1008_nvidia_aarch64_with_glibc2.39,,,0,0.0
1774806975.988297,infect_test.png,PIL,uaf,24,0,FAILED,not triggered,3,False,linux_6.17.0_1008_nvidia_aarch64_with_glibc2.39,,,0,0.0
1774806987.6795733,infect_test.png,PIL,uaf,32,0,FAILED,not triggered,4,False,linux_6.17.0_1008_nvidia_aarch64_with_glibc2.39,,,0,0.0
1774806941.8721116,infect_test.png,eog,metadata_trigger,0,0,FAILED,not triggered,0,False,linux_6.17.0_1008_nvidia_aarch64_with_glibc2.39,,,0,0.0
1774806952.9961855,infect_test.png,eog,metadata_trigger,8,0,FAILED,not triggered,1,False,linux_6.17.0_1008_nvidia_aarch64_with_glibc2.39,,,0,0.0
1774806974.2976332,infect_test.png,eog,metadata_trigger,16,0,FAILED,not triggered,2,False,linux_6.17.0_1008_nvidia_aarch64_with_glibc2.39,,,0,0.0
1774806995.7606833,infect_test.png,eog,metadata_trigger,24,0,FAILED,not triggered,3,False,linux_6.17.0_1008_nvidia_aarch64_with_glibc2.39,,,0,0.0
1774807016.5647702,infect_test.png,eog,metadata_trigger,32,0,FAILED,not triggered,4,False,linux_6.17.0_1008_nvidia_aarch64_with_glibc2.39,,,0,0.0
1774806941.9029317,infect_test.png,firefox,aggressive_viewer,0,0,FAILED,not triggered,0,False,linux_6.17.0_1008_nvidia_aarch64_with_glibc2.39,,,0,0.0
1774806962.9424253,infect_test.png,firefox,aggressive_viewer,8,0,FAILED,not triggered,1,False,linux_6.17.0_1008_nvidia_aarch64_with_glibc2.39,,,0,0.0
1774806984.250476,infect_test.png,firefox,aggressive_viewer,16,0,FAILED,not triggered,2,False,linux_6.17.0_1008_nvidia_aarch64_with_glibc2.39,,,0,0.0
1774807005.091525,infect_test.png,firefox,aggressive_viewer,24,0,FAILED,not triggered,3,False,linux_6.17.0_1008_nvidia_aarch64_with_glibc2.39,,,0,0.0
1774807025.7158582,infect_test.png,firefox,aggressive_viewer,32,0,FAILED,not triggered,4,False,linux_6.17.0_1008_nvidia_aarch64_with_glibc2.39,,,0,0.0
1774806942.0884316,infect_test.png,firefox,uaf,0,0,FAILED,not triggered,0,False,linux_6.17.0_1008_nvidia_aarch64_with_glibc2.39,,,0,0.0
1774806962.9437168,infect_test.png,firefox,uaf,8,0,FAILED,not triggered,1,False,linux_6.17.0_1008_nvidia_aarch64_with_glibc2.39,,,0,0.0
1774806984.7289965,infect_test.png,firefox,uaf,16,0,FAILED,not triggered,2,False,linux_6.17.0_1008_nvidia_aarch64_with_glibc2.39,,,0,0.0
1774807005.440321,infect_test.png,firefox,uaf,24,0,FAILED,not triggered,3,False,linux_6.17.0_1008_nvidia_aarch64_with_glibc2.39,,,0,0.0
1774807026.398555,infect_test.png,firefox,uaf,32,0,FAILED,not triggered,4,False,linux_6.17.0_1008_nvidia_aarch64_with_glibc2.39,,,0,0.0
1774806942.052198,infect_test.png,firefox,double_free,0,0,FAILED,not triggered,0,False,linux_6.17.0_1008_nvidia_aarch64_with_glibc2.39,,,0,0.0
1774806963.6790278,infect_test.png,firefox,double_free,8,0,FAILED,not triggered,1,False,linux_6.17.0_1008_nvidia_aarch64_with_glibc2.39,,,0,0.0
1774806984.461494,infect_test.png,firefox,double_free,16,0,FAILED,not triggered,2,False,linux_6.17.0_1008_nvidia_aarch64_with_glibc2.39,,,0,0.0
1774807005.4101617,infect_test.png,firefox,double_free,24,0,FAILED,not triggered,3,False,linux_6.17.0_1008_nvidia_aarch64_with_glibc2.39,,,0,0.0
1774807026.458407,infect_test.png,firefox,double_free,32,0,FAILED,not triggered,4,False,linux_6.17.0_1008_nvidia_aarch64_with_glibc2.39,,,0,0.0
1774806942.0699372,infect_test.png,firefox,optimization_bypass,0,0,FAILED,not triggered,0,False,linux_6.17.0_1008_nvidia_aarch64_with_glibc2.39,,,0,0.0
1774806963.6804068,infect_test.png,firefox,optimization_bypass,8,0,FAILED,not triggered,1,False,linux_6.17.0_1008_nvidia_aarch64_with_glibc2.39,,,0,0.0
1774806985.1221952,infect_test.png,firefox,optimization_bypass,16,0,FAILED,not triggered,2,False,linux_6.17.0_1008_nvidia_aarch64_with_glibc2.39,,,0,0.0
1774807005.9005926,infect_test.png,firefox,optimization_bypass,24,0,FAILED,not triggered,3,False,linux_6.17.0_1008_nvidia_aarch64_with_glibc2.39,,,0,0.0
1774807026.7097654,infect_test.png,firefox,optimization_bypass,32,0,FAILED,not triggered,4,False,linux_6.17.0_1008_nvidia_aarch64_with_glibc2.39,,,0,0.0
1774806941.9144802,infect_test.png,firefox,generic_viewer,0,0,FAILED,not triggered,0,False,linux_6.17.0_1008_nvidia_aarch64_with_glibc2.39,,,0,0.0
1774806963.359459,infect_test.png,firefox,generic_viewer,8,0,FAILED,not triggered,1,False,linux_6.17.0_1008_nvidia_aarch64_with_glibc2.39,,,0,0.0
1774806984.9448955,infect_test.png,firefox,generic_viewer,16,0,FAILED,not triggered,2,False,linux_6.17.0_1008_nvidia_aarch64_with_glibc2.39,,,0,0.0
1774807005.6667554,infect_test.png,firefox,generic_viewer,24,0,FAILED,not triggered,3,False,linux_6.17.0_1008_nvidia_aarch64_with_glibc2.39,,,0,0.0
1774807026.855868,infect_test.png,firefox,generic_viewer,32,0,FAILED,not triggered,4,False,linux_6.17.0_1008_nvidia_aarch64_with_glibc2.39,,,0,0.0
1774806942.1116297,infect_test.png,firefox,overflow,0,0,FAILED,not triggered,0,False,linux_6.17.0_1008_nvidia_aarch64_with_glibc2.39,,,0,0.0
1774806963.3524547,infect_test.png,firefox,overflow,8,0,FAILED,not triggered,1,False,linux_6.17.0_1008_nvidia_aarch64_with_glibc2.39,,,0,0.0
1774806984.953794,infect_test.png,firefox,overflow,16,0,FAILED,not triggered,2,False,linux_6.17.0_1008_nvidia_aarch64_with_glibc2.39,,,0,0.0
1774807005.7467115,infect_test.png,firefox,overflow,24,0,FAILED,not triggered,3,False,linux_6.17.0_1008_nvidia_aarch64_with_glibc2.39,,,0,0.0
1774807027.027877,infect_test.png,firefox,overflow,32,0,FAILED,not triggered,4,False,linux_6.17.0_1008_nvidia_aarch64_with_glibc2.39,,,0,0.0
1774806941.9052758,infect_test.png,firefox,metadata_trigger,0,0,FAILED,not triggered,0,False,linux_6.17.0_1008_nvidia_aarch64_with_glibc2.39,,,0,0.0
1774806963.5180519,infect_test.png,firefox,metadata_trigger,8,0,FAILED,not triggered,1,False,linux_6.17.0_1008_nvidia_aarch64_with_glibc2.39,,,0,0.0
1774806985.4073973,infect_test.png,firefox,metadata_trigger,16,0,FAILED,not triggered,2,False,linux_6.17.0_1008_nvidia_aarch64_with_glibc2.39,,,0,0.0
1774807006.6704974,infect_test.png,firefox,metadata_trigger,24,0,FAILED,not triggered,3,False,linux_6.17.0_1008_nvidia_aarch64_with_glibc2.39,,,0,0.0
1774807027.8567216,infect_test.png,firefox,metadata_trigger,32,0,FAILED,not triggered,4,False,linux_6.17.0_1008_nvidia_aarch64_with_glibc2.39,,,0,0.0
1774806941.8757427,infect_test.png,eog,aggressive_viewer,0,0,FAILED,not triggered,0,False,linux_6.17.0_1008_nvidia_aarch64_with_glibc2.39,,,0,0.0
1774806963.5181966,infect_test.png,eog,aggressive_viewer,8,0,FAILED,not triggered,1,False,linux_6.17.0_1008_nvidia_aarch64_with_glibc2.39,,,0,0.0
1774806984.7299256,infect_test.png,eog,aggressive_viewer,16,0,FAILED,not triggered,2,False,linux_6.17.0_1008_nvidia_aarch64_with_glibc2.39,,,0,0.0
1774807005.8124812,infect_test.png,eog,aggressive_viewer,24,0,FAILED,not triggered,3,False,linux_6.17.0_1008_nvidia_aarch64_with_glibc2.39,,,0,0.0
1774807027.1159909,infect_test.png,eog,aggressive_viewer,32,0,FAILED,not triggered,4,False,linux_6.17.0_1008_nvidia_aarch64_with_glibc2.39,,,0,0.0
1774995859.623653,infect_test.png,png_consumer,optimization_bypass,0,0,FAILED,not triggered,0,False,linux_6.17.0_1008_nvidia_aarch64_with_glibc2.39,,,0,0.1
1774995876.6066904,infect_test.png,png_consumer,optimization_bypass,8,0,FAILED,not triggered,1,False,linux_6.17.0_1008_nvidia_aarch64_with_glibc2.39,,,0,0.1
1774995893.652431,infect_test.png,png_consumer,optimization_bypass,16,0,FAILED,not triggered,2,False,linux_6.17.0_1008_nvidia_aarch64_with_glibc2.39,,,0,0.1
1774995910.7136233,infect_test.png,png_consumer,optimization_bypass,24,0,FAILED,not triggered,3,False,linux_6.17.0_1008_nvidia_aarch64_with_glibc2.39,,,0,0.1
1774995927.739435,infect_test.png,png_consumer,optimization_bypass,32,0,FAILED,not triggered,4,False,linux_6.17.0_1008_nvidia_aarch64_with_glibc2.39,,,0,0.1
1774995944.7432275,infect_test.png,png_consumer,uaf,0,0,FAILED,not triggered,0,False,linux_6.17.0_1008_nvidia_aarch64_with_glibc2.39,,,0,0.1
1774995961.7483153,infect_test.png,png_consumer,uaf,8,0,FAILED,not triggered,1,False,linux_6.17.0_1008_nvidia_aarch64_with_glibc2.39,,,0,0.1
1774995978.7711308,infect_test.png,png_consumer,uaf,16,0,FAILED,not triggered,2,False,linux_6.17.0_1008_nvidia_aarch64_with_glibc2.39,,,0,0.1
1774995995.7873857,infect_test.png,png_consumer,uaf,24,0,FAILED,not triggered,3,False,linux_6.17.0_1008_nvidia_aarch64_with_glibc2.39,,,0,0.1
1774996012.804902,infect_test.png,png_consumer,uaf,32,0,FAILED,not triggered,4,False,linux_6.17.0_1008_nvidia_aarch64_with_glibc2.39,,,0,0.1
1774996029.83087,infect_test.png,png_consumer,overflow,0,0,SUCCESS,payload executed,0,True,linux_6.17.0_1008_nvidia_aarch64_with_glibc2.39,,,1,1.0
1774996032.7404118,infect_test.png,png_consumer,overflow_VOP,0,0,SUCCESS_VOP,VOP bypass successful,0,True,linux_6.17.0_1008_nvidia_aarch64_with_glibc2.39,,,1,0.95
1774996034.5700366,infect_test.png,png_consumer,overflow_DOP,0,0,SUCCESS_DOP,DOP bypass successful,0,True,linux_6.17.0_1008_nvidia_aarch64_with_glibc2.39,,,1,0.95
1774996034.5792522,infect_test.png,png_consumer,metadata_trigger,0,0,FAILED,not triggered,0,False,linux_6.17.0_1008_nvidia_aarch64_with_glibc2.39,,,0,0.1
1774996051.6140857,infect_test.png,png_consumer,metadata_trigger,8,0,FAILED,not triggered,1,False,linux_6.17.0_1008_nvidia_aarch64_with_glibc2.39,,,0,0.1
1774996068.6334968,infect_test.png,png_consumer,metadata_trigger,16,0,FAILED,not triggered,2,False,linux_6.17.0_1008_nvidia_aarch64_with_glibc2.39,,,0,0.1
1774996085.6005406,infect_test.png,png_consumer,metadata_trigger,24,0,FAILED,not triggered,3,False,linux_6.17.0_1008_nvidia_aarch64_with_glibc2.39,,,0,0.1
1774996102.5777817,infect_test.png,png_consumer,metadata_trigger,32,0,FAILED,not triggered,4,False,linux_6.17.0_1008_nvidia_aarch64_with_glibc2.39,,,0,0.1
1774996119.5340202,infect_test.png,png_consumer,generic_viewer,0,0,FAILED,not triggered,0,False,linux_6.17.0_1008_nvidia_aarch64_with_glibc2.39,,,0,0.1
1774996136.5115888,infect_test.png,png_consumer,generic_viewer,8,0,FAILED,not triggered,1,False,linux_6.17.0_1008_nvidia_aarch64_with_glibc2.39,,,0,0.1
1774996153.4470403,infect_test.png,png_consumer,generic_viewer,16,0,FAILED,not triggered,2,False,linux_6.17.0_1008_nvidia_aarch64_with_glibc2.39,,,0,0.1
1774996170.4192991,infect_test.png,png_consumer,generic_viewer,24,0,FAILED,not triggered,3,False,linux_6.17.0_1008_nvidia_aarch64_with_glibc2.39,,,0,0.1
1774996187.3865643,infect_test.png,png_consumer,generic_viewer,32,0,FAILED,not triggered,4,False,linux_6.17.0_1008_nvidia_aarch64_with_glibc2.39,,,0,0.1
1774996204.342386,infect_test.png,png_consumer,aggressive_viewer,0,0,FAILED,not triggered,0,False,linux_6.17.0_1008_nvidia_aarch64_with_glibc2.39,,,0,0.1
1774996221.3752499,infect_test.png,png_consumer,aggressive_viewer,8,0,FAILED,not triggered,1,False,linux_6.17.0_1008_nvidia_aarch64_with_glibc2.39,,,0,0.1
1774996238.2989001,infect_test.png,png_consumer,aggressive_viewer,16,0,FAILED,not triggered,2,False,linux_6.17.0_1008_nvidia_aarch64_with_glibc2.39,,,0,0.1
1774996255.318733,infect_test.png,png_consumer,aggressive_viewer,24,0,FAILED,not triggered,3,False,linux_6.17.0_1008_nvidia_aarch64_with_glibc2.39,,,0,0.1
1774996272.3132856,infect_test.png,png_consumer,aggressive_viewer,32,0,FAILED,not triggered,4,False,linux_6.17.0_1008_nvidia_aarch64_with_glibc2.39,,,0,0.1
1774996289.2601101,infect_test.png,png_consumer,double_free,0,0,FAILED,not triggered,0,False,linux_6.17.0_1008_nvidia_aarch64_with_glibc2.39,,,0,0.1
1774996306.2653437,infect_test.png,png_consumer,double_free,8,0,FAILED,not triggered,1,False,linux_6.17.0_1008_nvidia_aarch64_with_glibc2.39,,,0,0.1
1774996323.2982662,infect_test.png,png_consumer,double_free,16,0,FAILED,not triggered,2,False,linux_6.17.0_1008_nvidia_aarch64_with_glibc2.39,,,0,0.1
1774996340.3367655,infect_test.png,png_consumer,double_free,24,0,FAILED,not triggered,3,False,linux_6.17.0_1008_nvidia_aarch64_with_glibc2.39,,,0,0.1
1774996357.3808432,infect_test.png,png_consumer,double_free,32,0,FAILED,not triggered,4,False,linux_6.17.0_1008_nvidia_aarch64_with_glibc2.39,,,0,0.1
1774996374.6024952,infect_test.png,eog,optimization_bypass,0,0,FAILED,not triggered,0,False,linux_6.17.0_1008_nvidia_aarch64_with_glibc2.39,,,0,0.1
1774996392.0302896,infect_test.png,eog,optimization_bypass,8,0,FAILED,not triggered,1,False,linux_6.17.0_1008_nvidia_aarch64_with_glibc2.39,,,0,0.1
1774996408.7068653,infect_test.png,eog,optimization_bypass,16,0,FAILED,not triggered,2,False,linux_6.17.0_1008_nvidia_aarch64_with_glibc2.39,,,0,0.1
1774996425.8293195,infect_test.png,eog,optimization_bypass,24,0,FAILED,not triggered,3,False,linux_6.17.0_1008_nvidia_aarch64_with_glibc2.39,,,0,0.1
1774996443.3354461,infect_test.png,eog,optimization_bypass,32,0,FAILED,not triggered,4,False,linux_6.17.0_1008_nvidia_aarch64_with_glibc2.39,,,0,0.1
1774996374.5067334,infect_test.png,PIL,aggressive_viewer,0,0,FAILED,not triggered,0,False,linux_6.17.0_1008_nvidia_aarch64_with_glibc2.39,,,0,0.1
1774996392.0306587,infect_test.png,PIL,aggressive_viewer,8,0,FAILED,not triggered,1,False,linux_6.17.0_1008_nvidia_aarch64_with_glibc2.39,,,0,0.1
1774996409.1341152,infect_test.png,PIL,aggressive_viewer,16,0,FAILED,not triggered,2,False,linux_6.17.0_1008_nvidia_aarch64_with_glibc2.39,,,0,0.1
1774996426.9152925,infect_test.png,PIL,aggressive_viewer,24,0,FAILED,not triggered,3,False,linux_6.17.0_1008_nvidia_aarch64_with_glibc2.39,,,0,0.1
1774996443.7165604,infect_test.png,PIL,aggressive_viewer,32,0,FAILED,not triggered,4,False,linux_6.17.0_1008_nvidia_aarch64_with_glibc2.39,,,0,0.1
1774996374.672302,infect_test.png,PIL,overflow,0,0,FAILED,not triggered,0,False,linux_6.17.0_1008_nvidia_aarch64_with_glibc2.39,,,0,0.1
1774996392.1882727,infect_test.png,PIL,overflow,8,0,FAILED,not triggered,1,False,linux_6.17.0_1008_nvidia_aarch64_with_glibc2.39,,,0,0.1
1774996409.5532475,infect_test.png,PIL,overflow,16,0,FAILED,not triggered,2,False,linux_6.17.0_1008_nvidia_aarch64_with_glibc2.39,,,0,0.1
1774996426.9165702,infect_test.png,PIL,overflow,24,0,FAILED,not triggered,3,False,linux_6.17.0_1008_nvidia_aarch64_with_glibc2.39,,,0,0.1
1774996443.7176435,infect_test.png,PIL,overflow,32,0,FAILED,not triggered,4,False,linux_6.17.0_1008_nvidia_aarch64_with_glibc2.39,,,0,0.1
1774996374.6381571,infect_test.png,eog,double_free,0,0,FAILED,not triggered,0,False,linux_6.17.0_1008_nvidia_aarch64_with_glibc2.39,,,0,0.1
1774996392.0239682,infect_test.png,eog,double_free,8,0,FAILED,not triggered,1,False,linux_6.17.0_1008_nvidia_aarch64_with_glibc2.39,,,0,0.1
1774996409.0694187,infect_test.png,eog,double_free,16,0,FAILED,not triggered,2,False,linux_6.17.0_1008_nvidia_aarch64_with_glibc2.39,,,0,0.1
1774996426.4150846,infect_test.png,eog,double_free,24,0,FAILED,not triggered,3,False,linux_6.17.0_1008_nvidia_aarch64_with_glibc2.39,,,0,0.1
1774996443.706162,infect_test.png,eog,double_free,32,0,FAILED,not triggered,4,False,linux_6.17.0_1008_nvidia_aarch64_with_glibc2.39,,,0,0.1
1774996374.6619172,infect_test.png,eog,overflow,0,0,FAILED,not triggered,0,False,linux_6.17.0_1008_nvidia_aarch64_with_glibc2.39,,,0,0.1
1774996392.1895185,infect_test.png,eog,overflow,8,0,FAILED,not triggered,1,False,linux_6.17.0_1008_nvidia_aarch64_with_glibc2.39,,,0,0.1
1774996408.878176,infect_test.png,eog,overflow,16,0,FAILED,not triggered,2,False,linux_6.17.0_1008_nvidia_aarch64_with_glibc2.39,,,0,0.1
1774996426.0874968,infect_test.png,eog,overflow,24,0,FAILED,not triggered,3,False,linux_6.17.0_1008_nvidia_aarch64_with_glibc2.39,,,0,0.1
1774996443.9125714,infect_test.png,eog,overflow,32,0,FAILED,not triggered,4,False,linux_6.17.0_1008_nvidia_aarch64_with_glibc2.39,,,0,0.1
1774996374.586483,infect_test.png,PIL,optimization_bypass,0,0,FAILED,not triggered,0,False,linux_6.17.0_1008_nvidia_aarch64_with_glibc2.39,,,0,0.1
1774996392.029386,infect_test.png,PIL,optimization_bypass,8,0,FAILED,not triggered,1,False,linux_6.17.0_1008_nvidia_aarch64_with_glibc2.39,,,0,0.1
1774996409.1207733,infect_test.png,PIL,optimization_bypass,16,0,FAILED,not triggered,2,False,linux_6.17.0_1008_nvidia_aarch64_with_glibc2.39,,,0,0.1
1774996426.6027284,infect_test.png,PIL,optimization_bypass,24,0,FAILED,not triggered,3,False,linux_6.17.0_1008_nvidia_aarch64_with_glibc2.39,,,0,0.1
1774996443.3479717,infect_test.png,PIL,optimization_bypass,32,0,FAILED,not triggered,4,False,linux_6.17.0_1008_nvidia_aarch64_with_glibc2.39,,,0,0.1
1774996374.5352983,infect_test.png,PIL,generic_viewer,0,0,FAILED,not triggered,0,False,linux_6.17.0_1008_nvidia_aarch64_with_glibc2.39,,,0,0.1
1774996392.1943274,infect_test.png,PIL,generic_viewer,8,0,FAILED,not triggered,1,False,linux_6.17.0_1008_nvidia_aarch64_with_glibc2.39,,,0,0.1
1774996409.0895195,infect_test.png,PIL,generic_viewer,16,0,FAILED,not triggered,2,False,linux_6.17.0_1008_nvidia_aarch64_with_glibc2.39,,,0,0.1
1774996426.4149961,infect_test.png,PIL,generic_viewer,24,0,FAILED,not triggered,3,False,linux_6.17.0_1008_nvidia_aarch64_with_glibc2.39,,,0,0.1
1774996443.9122336,infect_test.png,PIL,generic_viewer,32,0,FAILED,not triggered,4,False,linux_6.17.0_1008_nvidia_aarch64_with_glibc2.39,,,0,0.1
1774996374.4590404,infect_test.png,eog,aggressive_viewer,0,0,FAILED,not triggered,0,False,linux_6.17.0_1008_nvidia_aarch64_with_glibc2.39,,,0,0.1
1774996392.0911417,infect_test.png,eog,aggressive_viewer,8,0,FAILED,not triggered,1,False,linux_6.17.0_1008_nvidia_aarch64_with_glibc2.39,,,0,0.1
1774996408.8971612,infect_test.png,eog,aggressive_viewer,16,0,FAILED,not triggered,2,False,linux_6.17.0_1008_nvidia_aarch64_with_glibc2.39,,,0,0.1
1774996426.0887117,infect_test.png,eog,aggressive_viewer,24,0,FAILED,not triggered,3,False,linux_6.17.0_1008_nvidia_aarch64_with_glibc2.39,,,0,0.1
1774996443.9174035,infect_test.png,eog,aggressive_viewer,32,0,FAILED,not triggered,4,False,linux_6.17.0_1008_nvidia_aarch64_with_glibc2.39,,,0,0.1
1774996374.6147504,infect_test.png,PIL,double_free,0,0,FAILED,not triggered,0,False,linux_6.17.0_1008_nvidia_aarch64_with_glibc2.39,,,0,0.1
1774996391.9188902,infect_test.png,PIL,double_free,8,0,FAILED,not triggered,1,False,linux_6.17.0_1008_nvidia_aarch64_with_glibc2.39,,,0,0.1
1774996409.2146542,infect_test.png,PIL,double_free,16,0,FAILED,not triggered,2,False,linux_6.17.0_1008_nvidia_aarch64_with_glibc2.39,,,0,0.1
1774996426.4212823,infect_test.png,PIL,double_free,24,0,FAILED,not triggered,3,False,linux_6.17.0_1008_nvidia_aarch64_with_glibc2.39,,,0,0.1
1774996443.918281,infect_test.png,PIL,double_free,32,0,FAILED,not triggered,4,False,linux_6.17.0_1008_nvidia_aarch64_with_glibc2.39,,,0,0.1
1774996374.6072793,infect_test.png,PIL,uaf,0,0,FAILED,not triggered,0,False,linux_6.17.0_1008_nvidia_aarch64_with_glibc2.39,,,0,0.1
1774996392.02932,infect_test.png,PIL,uaf,8,0,FAILED,not triggered,1,False,linux_6.17.0_1008_nvidia_aarch64_with_glibc2.39,,,0,0.1
1774996408.7342129,infect_test.png,PIL,uaf,16,0,FAILED,not triggered,2,False,linux_6.17.0_1008_nvidia_aarch64_with_glibc2.39,,,0,0.1
1774996426.6015048,infect_test.png,PIL,uaf,24,0,FAILED,not triggered,3,False,linux_6.17.0_1008_nvidia_aarch64_with_glibc2.39,,,0,0.1
1774996444.103666,infect_test.png,PIL,uaf,32,0,FAILED,not triggered,4,False,linux_6.17.0_1008_nvidia_aarch64_with_glibc2.39,,,0,0.1
1774996374.5074327,infect_test.png,PIL,metadata_trigger,0,0,FAILED,not triggered,0,False,linux_6.17.0_1008_nvidia_aarch64_with_glibc2.39,,,0,0.1
1774996392.4037473,infect_test.png,PIL,metadata_trigger,8,0,FAILED,not triggered,1,False,linux_6.17.0_1008_nvidia_aarch64_with_glibc2.39,,,0,0.1
1774996409.3648467,infect_test.png,PIL,metadata_trigger,16,0,FAILED,not triggered,2,False,linux_6.17.0_1008_nvidia_aarch64_with_glibc2.39,,,0,0.1
1774996426.7725017,infect_test.png,PIL,metadata_trigger,24,0,FAILED,not triggered,3,False,linux_6.17.0_1008_nvidia_aarch64_with_glibc2.39,,,0,0.1
1774996443.9126315,infect_test.png,PIL,metadata_trigger,32,0,FAILED,not triggered,4,False,linux_6.17.0_1008_nvidia_aarch64_with_glibc2.39,,,0,0.1
1774996374.4591722,infect_test.png,eog,metadata_trigger,0,0,FAILED,not triggered,0,False,linux_6.17.0_1008_nvidia_aarch64_with_glibc2.39,,,0,0.1
1774996392.7235482,infect_test.png,eog,metadata_trigger,8,0,FAILED,not triggered,1,False,linux_6.17.0_1008_nvidia_aarch64_with_glibc2.39,,,0,0.1
1774996410.1211197,infect_test.png,eog,metadata_trigger,16,0,FAILED,not triggered,2,False,linux_6.17.0_1008_nvidia_aarch64_with_glibc2.39,,,0,0.1
1774996428.319248,infect_test.png,eog,metadata_trigger,24,0,FAILED,not triggered,3,False,linux_6.17.0_1008_nvidia_aarch64_with_glibc2.39,,,0,0.1
1774996445.873584,infect_test.png,eog,metadata_trigger,32,0,FAILED,not triggered,4,False,linux_6.17.0_1008_nvidia_aarch64_with_glibc2.39,,,0,0.1
1774996374.5059075,infect_test.png,eog,generic_viewer,0,0,FAILED,not triggered,0,False,linux_6.17.0_1008_nvidia_aarch64_with_glibc2.39,,,0,0.1
1774996402.4120014,infect_test.png,eog,generic_viewer,8,0,FAILED,not triggered,1,False,linux_6.17.0_1008_nvidia_aarch64_with_glibc2.39,,,0,0.1
1774996420.234293,infect_test.png,eog,generic_viewer,16,0,FAILED,not triggered,2,False,linux_6.17.0_1008_nvidia_aarch64_with_glibc2.39,,,0,0.1
1774996437.2784688,infect_test.png,eog,generic_viewer,24,0,FAILED,not triggered,3,False,linux_6.17.0_1008_nvidia_aarch64_with_glibc2.39,,,0,0.1
1774996455.0905216,infect_test.png,eog,generic_viewer,32,0,FAILED,not triggered,4,False,linux_6.17.0_1008_nvidia_aarch64_with_glibc2.39,,,0,0.1
1774996374.4668567,infect_test.png,firefox,aggressive_viewer,0,0,FAILED,not triggered,0,False,linux_6.17.0_1008_nvidia_aarch64_with_glibc2.39,,,0,0.1
1774996402.307403,infect_test.png,firefox,aggressive_viewer,8,0,FAILED,not triggered,1,False,linux_6.17.0_1008_nvidia_aarch64_with_glibc2.39,,,0,0.1
1774996430.4390643,infect_test.png,firefox,aggressive_viewer,16,0,FAILED,not triggered,2,False,linux_6.17.0_1008_nvidia_aarch64_with_glibc2.39,,,0,0.1
1774996457.7827294,infect_test.png,firefox,aggressive_viewer,24,0,FAILED,not triggered,3,False,linux_6.17.0_1008_nvidia_aarch64_with_glibc2.39,,,0,0.1
1774996484.9016,infect_test.png,firefox,aggressive_viewer,32,0,FAILED,not triggered,4,False,linux_6.17.0_1008_nvidia_aarch64_with_glibc2.39,,,0,0.1
1774996374.647553,infect_test.png,firefox,uaf,0,0,FAILED,not triggered,0,False,linux_6.17.0_1008_nvidia_aarch64_with_glibc2.39,,,0,0.1
1774996402.4127784,infect_test.png,firefox,uaf,8,0,FAILED,not triggered,1,False,linux_6.17.0_1008_nvidia_aarch64_with_glibc2.39,,,0,0.1
1774996430.448469,infect_test.png,firefox,uaf,16,0,FAILED,not triggered,2,False,linux_6.17.0_1008_nvidia_aarch64_with_glibc2.39,,,0,0.1
1774996458.2683568,infect_test.png,firefox,uaf,24,0,FAILED,not triggered,3,False,linux_6.17.0_1008_nvidia_aarch64_with_glibc2.39,,,0,0.1
1774996484.6025338,infect_test.png,firefox,uaf,32,0,FAILED,not triggered,4,False,linux_6.17.0_1008_nvidia_aarch64_with_glibc2.39,,,0,0.1
1774996374.4604661,infect_test.png,firefox,metadata_trigger,0,0,FAILED,not triggered,0,False,linux_6.17.0_1008_nvidia_aarch64_with_glibc2.39,,,0,0.1
1774996402.413274,infect_test.png,firefox,metadata_trigger,8,0,FAILED,not triggered,1,False,linux_6.17.0_1008_nvidia_aarch64_with_glibc2.39,,,0,0.1
1774996430.395507,infect_test.png,firefox,metadata_trigger,16,0,FAILED,not triggered,2,False,linux_6.17.0_1008_nvidia_aarch64_with_glibc2.39,,,0,0.1
1774996458.260833,infect_test.png,firefox,metadata_trigger,24,0,FAILED,not triggered,3,False,linux_6.17.0_1008_nvidia_aarch64_with_glibc2.39,,,0,0.1
1774996485.1698668,infect_test.png,firefox,metadata_trigger,32,0,FAILED,not triggered,4,False,linux_6.17.0_1008_nvidia_aarch64_with_glibc2.39,,,0,0.1
1774996374.459435,infect_test.png,firefox,generic_viewer,0,0,FAILED,not triggered,0,False,linux_6.17.0_1008_nvidia_aarch64_with_glibc2.39,,,0,0.1
1774996402.4740896,infect_test.png,firefox,generic_viewer,8,0,FAILED,not triggered,1,False,linux_6.17.0_1008_nvidia_aarch64_with_glibc2.39,,,0,0.1
1774996430.4491866,infect_test.png,firefox,generic_viewer,16,0,FAILED,not triggered,2,False,linux_6.17.0_1008_nvidia_aarch64_with_glibc2.39,,,0,0.1
1774996458.2516985,infect_test.png,firefox,generic_viewer,24,0,FAILED,not triggered,3,False,linux_6.17.0_1008_nvidia_aarch64_with_glibc2.39,,,0,0.1
1774996485.346237,infect_test.png,firefox,generic_viewer,32,0,FAILED,not triggered,4,False,linux_6.17.0_1008_nvidia_aarch64_with_glibc2.39,,,0,0.1
1774996374.647633,infect_test.png,firefox,optimization_bypass,0,0,FAILED,not triggered,0,False,linux_6.17.0_1008_nvidia_aarch64_with_glibc2.39,,,0,0.1
1774996402.4805512,infect_test.png,firefox,optimization_bypass,8,0,FAILED,not triggered,1,False,linux_6.17.0_1008_nvidia_aarch64_with_glibc2.39,,,0,0.1
1774996430.4609506,infect_test.png,firefox,optimization_bypass,16,0,FAILED,not triggered,2,False,linux_6.17.0_1008_nvidia_aarch64_with_glibc2.39,,,0,0.1
1774996458.2453246,infect_test.png,firefox,optimization_bypass,24,0,FAILED,not triggered,3,False,linux_6.17.0_1008_nvidia_aarch64_with_glibc2.39,,,0,0.1
1774996484.7754054,infect_test.png,firefox,optimization_bypass,32,0,FAILED,not triggered,4,False,linux_6.17.0_1008_nvidia_aarch64_with_glibc2.39,,,0,0.1
1774996374.664488,infect_test.png,firefox,overflow,0,0,FAILED,not triggered,0,False,linux_6.17.0_1008_nvidia_aarch64_with_glibc2.39,,,0,0.1
1774996402.8952546,infect_test.png,firefox,overflow,8,0,FAILED,not triggered,1,False,linux_6.17.0_1008_nvidia_aarch64_with_glibc2.39,,,0,0.1
1774996430.4372299,infect_test.png,firefox,overflow,16,0,FAILED,not triggered,2,False,linux_6.17.0_1008_nvidia_aarch64_with_glibc2.39,,,0,0.1
1774996458.2565217,infect_test.png,firefox,overflow,24,0,FAILED,not triggered,3,False,linux_6.17.0_1008_nvidia_aarch64_with_glibc2.39,,,0,0.1
1774996485.499055,infect_test.png,firefox,overflow,32,0,FAILED,not triggered,4,False,linux_6.17.0_1008_nvidia_aarch64_with_glibc2.39,,,0,0.1
1774996374.6632535,infect_test.png,firefox,double_free,0,0,FAILED,not triggered,0,False,linux_6.17.0_1008_nvidia_aarch64_with_glibc2.39,,,0,0.1
1774996402.481535,infect_test.png,firefox,double_free,8,0,FAILED,not triggered,1,False,linux_6.17.0_1008_nvidia_aarch64_with_glibc2.39,,,0,0.1
1774996430.3567781,infect_test.png,firefox,double_free,16,0,FAILED,not triggered,2,False,linux_6.17.0_1008_nvidia_aarch64_with_glibc2.39,,,0,0.1
1774996458.8692489,infect_test.png,firefox,double_free,24,0,FAILED,not triggered,3,False,linux_6.17.0_1008_nvidia_aarch64_with_glibc2.39,,,0,0.1
1774996486.175074,infect_test.png,firefox,double_free,32,0,FAILED,not triggered,4,False,linux_6.17.0_1008_nvidia_aarch64_with_glibc2.39,,,0,0.1
1774996374.647315,infect_test.png,eog,uaf,0,0,FAILED,not triggered,0,False,linux_6.17.0_1008_nvidia_aarch64_with_glibc2.39,,,0,0.1
1774996480.9681756,infect_test.png,eog,uaf,8,0,FAILED,not triggered,1,False,linux_6.17.0_1008_nvidia_aarch64_with_glibc2.39,,,0,0.1
1774996597.7034314,infect_test.png,eog,uaf,16,0,FAILED,not triggered,2,False,linux_6.17.0_1008_nvidia_aarch64_with_glibc2.39,,,0,0.1
1774996714.5959568,infect_test.png,eog,uaf,24,0,FAILED,not triggered,3,False,linux_6.17.0_1008_nvidia_aarch64_with_glibc2.39,,,0,0.1
1774996831.505844,infect_test.png,eog,uaf,32,0,FAILED,not triggered,4,False,linux_6.17.0_1008_nvidia_aarch64_with_glibc2.39,,,0,0.1
1775489542.5547054,infect_test.png,png_consumer,optimization_bypass,0,0,FAILED,not triggered,0,False,linux_6.17.0_1008_nvidia_aarch64_with_glibc2.39,,,0,0.1
1775489558.836701,infect_test.png,png_consumer,optimization_bypass,8,0,FAILED,not triggered,1,False,linux_6.17.0_1008_nvidia_aarch64_with_glibc2.39,,,0,0.1
1775489575.1709805,infect_test.png,png_consumer,optimization_bypass,16,0,FAILED,not triggered,2,False,linux_6.17.0_1008_nvidia_aarch64_with_glibc2.39,,,0,0.1
1775489591.5168831,infect_test.png,png_consumer,optimization_bypass,24,0,FAILED,not triggered,3,False,linux_6.17.0_1008_nvidia_aarch64_with_glibc2.39,,,0,0.1
1775489607.774122,infect_test.png,png_consumer,optimization_bypass,32,0,FAILED,not triggered,4,False,linux_6.17.0_1008_nvidia_aarch64_with_glibc2.39,,,0,0.1
1775489624.0767665,infect_test.png,png_consumer,uaf,0,0,FAILED,not triggered,0,False,linux_6.17.0_1008_nvidia_aarch64_with_glibc2.39,,,0,0.1
1775489640.4916484,infect_test.png,png_consumer,uaf,8,0,FAILED,not triggered,1,False,linux_6.17.0_1008_nvidia_aarch64_with_glibc2.39,,,0,0.1
1775489656.7828732,infect_test.png,png_consumer,uaf,16,0,FAILED,not triggered,2,False,linux_6.17.0_1008_nvidia_aarch64_with_glibc2.39,,,0,0.1
1775489673.097375,infect_test.png,png_consumer,uaf,24,0,FAILED,not triggered,3,False,linux_6.17.0_1008_nvidia_aarch64_with_glibc2.39,,,0,0.1
1775489689.4659972,infect_test.png,png_consumer,uaf,32,0,FAILED,not triggered,4,False,linux_6.17.0_1008_nvidia_aarch64_with_glibc2.39,,,0,0.1
1775489705.7858067,infect_test.png,png_consumer,overflow,0,0,SUCCESS,payload executed,0,True,linux_6.17.0_1008_nvidia_aarch64_with_glibc2.39,,,1,1.0
1775489708.6518211,infect_test.png,png_consumer,overflow_VOP,0,0,SUCCESS_VOP,VOP bypass successful,0,True,linux_6.17.0_1008_nvidia_aarch64_with_glibc2.39,,,1,0.95
1775489710.4463854,infect_test.png,png_consumer,overflow_DOP,0,0,SUCCESS_DOP,DOP bypass successful,0,True,linux_6.17.0_1008_nvidia_aarch64_with_glibc2.39,,,1,0.95
1775489710.4658885,infect_test.png,png_consumer,metadata_trigger,0,0,FAILED,not triggered,0,False,linux_6.17.0_1008_nvidia_aarch64_with_glibc2.39,,,0,0.1
1775489726.7025502,infect_test.png,png_consumer,metadata_trigger,8,0,FAILED,not triggered,1,False,linux_6.17.0_1008_nvidia_aarch64_with_glibc2.39,,,0,0.1
1775489742.9417152,infect_test.png,png_consumer,metadata_trigger,16,0,FAILED,not triggered,2,False,linux_6.17.0_1008_nvidia_aarch64_with_glibc2.39,,,0,0.1
1775489759.233875,infect_test.png,png_consumer,metadata_trigger,24,0,FAILED,not triggered,3,False,linux_6.17.0_1008_nvidia_aarch64_with_glibc2.39,,,0,0.1
1775489775.5182848,infect_test.png,png_consumer,metadata_trigger,32,0,FAILED,not triggered,4,False,linux_6.17.0_1008_nvidia_aarch64_with_glibc2.39,,,0,0.1
1775489791.7417626,infect_test.png,png_consumer,generic_viewer,0,0,FAILED,not triggered,0,False,linux_6.17.0_1008_nvidia_aarch64_with_glibc2.39,,,0,0.1
1775489807.9831827,infect_test.png,png_consumer,generic_viewer,8,0,FAILED,not triggered,1,False,linux_6.17.0_1008_nvidia_aarch64_with_glibc2.39,,,0,0.1
1775489824.261559,infect_test.png,png_consumer,generic_viewer,16,0,FAILED,not triggered,2,False,linux_6.17.0_1008_nvidia_aarch64_with_glibc2.39,,,0,0.1
1775489840.5362475,infect_test.png,png_consumer,generic_viewer,24,0,FAILED,not triggered,3,False,linux_6.17.0_1008_nvidia_aarch64_with_glibc2.39,,,0,0.1
1775489856.828805,infect_test.png,png_consumer,generic_viewer,32,0,FAILED,not triggered,4,False,linux_6.17.0_1008_nvidia_aarch64_with_glibc2.39,,,0,0.1
1775489873.1244087,infect_test.png,png_consumer,aggressive_viewer,0,0,FAILED,not triggered,0,False,linux_6.17.0_1008_nvidia_aarch64_with_glibc2.39,,,0,0.1
1775489889.4404864,infect_test.png,png_consumer,aggressive_viewer,8,0,FAILED,not triggered,1,False,linux_6.17.0_1008_nvidia_aarch64_with_glibc2.39,,,0,0.1
1775489905.7081394,infect_test.png,png_consumer,aggressive_viewer,16,0,FAILED,not triggered,2,False,linux_6.17.0_1008_nvidia_aarch64_with_glibc2.39,,,0,0.1
1775489921.9877,infect_test.png,png_consumer,aggressive_viewer,24,0,FAILED,not triggered,3,False,linux_6.17.0_1008_nvidia_aarch64_with_glibc2.39,,,0,0.1
1775489938.2472186,infect_test.png,png_consumer,aggressive_viewer,32,0,FAILED,not triggered,4,False,linux_6.17.0_1008_nvidia_aarch64_with_glibc2.39,,,0,0.1
1775489954.5030596,infect_test.png,png_consumer,double_free,0,0,FAILED,not triggered,0,False,linux_6.17.0_1008_nvidia_aarch64_with_glibc2.39,,,0,0.1
1775489970.772021,infect_test.png,png_consumer,double_free,8,0,FAILED,not triggered,1,False,linux_6.17.0_1008_nvidia_aarch64_with_glibc2.39,,,0,0.1
1775489987.0966218,infect_test.png,png_consumer,double_free,16,0,FAILED,not triggered,2,False,linux_6.17.0_1008_nvidia_aarch64_with_glibc2.39,,,0,0.1
1775490003.374938,infect_test.png,png_consumer,double_free,24,0,FAILED,not triggered,3,False,linux_6.17.0_1008_nvidia_aarch64_with_glibc2.39,,,0,0.1
1775490019.717016,infect_test.png,png_consumer,double_free,32,0,FAILED,not triggered,4,False,linux_6.17.0_1008_nvidia_aarch64_with_glibc2.39,,,0,0.1
1775490036.2093592,infect_test.png,eog,generic_viewer,0,0,FAILED,not triggered,0,False,linux_6.17.0_1008_nvidia_aarch64_with_glibc2.39,,,0,0.1
1775490053.420419,infect_test.png,eog,generic_viewer,8,0,FAILED,not triggered,1,False,linux_6.17.0_1008_nvidia_aarch64_with_glibc2.39,,,0,0.1
1775490070.31095,infect_test.png,eog,generic_viewer,16,0,FAILED,not triggered,2,False,linux_6.17.0_1008_nvidia_aarch64_with_glibc2.39,,,0,0.1
1775490087.0471506,infect_test.png,eog,generic_viewer,24,0,FAILED,not triggered,3,False,linux_6.17.0_1008_nvidia_aarch64_with_glibc2.39,,,0,0.1
1775490103.8917,infect_test.png,eog,generic_viewer,32,0,FAILED,not triggered,4,False,linux_6.17.0_1008_nvidia_aarch64_with_glibc2.39,,,0,0.1
1775490036.3975854,infect_test.png,PIL,overflow,0,0,FAILED,not triggered,0,False,linux_6.17.0_1008_nvidia_aarch64_with_glibc2.39,,,0,0.1
1775490053.210457,infect_test.png,PIL,overflow,8,0,FAILED,not triggered,1,False,linux_6.17.0_1008_nvidia_aarch64_with_glibc2.39,,,0,0.1
1775490070.0343451,infect_test.png,PIL,overflow,16,0,FAILED,not triggered,2,False,linux_6.17.0_1008_nvidia_aarch64_with_glibc2.39,,,0,0.1
1775490086.863347,infect_test.png,PIL,overflow,24,0,FAILED,not triggered,3,False,linux_6.17.0_1008_nvidia_aarch64_with_glibc2.39,,,0,0.1
1775490103.8801544,infect_test.png,PIL,overflow,32,0,FAILED,not triggered,4,False,linux_6.17.0_1008_nvidia_aarch64_with_glibc2.39,,,0,0.1
1775490036.412776,infect_test.png,eog,double_free,0,0,FAILED,not triggered,0,False,linux_6.17.0_1008_nvidia_aarch64_with_glibc2.39,,,0,0.1
1775490053.2946558,infect_test.png,eog,double_free,8,0,FAILED,not triggered,1,False,linux_6.17.0_1008_nvidia_aarch64_with_glibc2.39,,,0,0.1
1775490069.7935746,infect_test.png,eog,double_free,16,0,FAILED,not triggered,2,False,linux_6.17.0_1008_nvidia_aarch64_with_glibc2.39,,,0,0.1
1775490086.7505488,infect_test.png,eog,double_free,24,0,FAILED,not triggered,3,False,linux_6.17.0_1008_nvidia_aarch64_with_glibc2.39,,,0,0.1
1775490104.1053567,infect_test.png,eog,double_free,32,0,FAILED,not triggered,4,False,linux_6.17.0_1008_nvidia_aarch64_with_glibc2.39,,,0,0.1
1775490036.2500956,infect_test.png,PIL,aggressive_viewer,0,0,FAILED,not triggered,0,False,linux_6.17.0_1008_nvidia_aarch64_with_glibc2.39,,,0,0.1
1775490053.2176323,infect_test.png,PIL,aggressive_viewer,8,0,FAILED,not triggered,1,False,linux_6.17.0_1008_nvidia_aarch64_with_glibc2.39,,,0,0.1
1775490070.034312,infect_test.png,PIL,aggressive_viewer,16,0,FAILED,not triggered,2,False,linux_6.17.0_1008_nvidia_aarch64_with_glibc2.39,,,0,0.1
1775490087.1221926,infect_test.png,PIL,aggressive_viewer,24,0,FAILED,not triggered,3,False,linux_6.17.0_1008_nvidia_aarch64_with_glibc2.39,,,0,0.1
1775490104.1243615,infect_test.png,PIL,aggressive_viewer,32,0,FAILED,not triggered,4,False,linux_6.17.0_1008_nvidia_aarch64_with_glibc2.39,,,0,0.1
1775490036.358339,infect_test.png,PIL,uaf,0,0,FAILED,not triggered,0,False,linux_6.17.0_1008_nvidia_aarch64_with_glibc2.39,,,0,0.1
1775490053.7689705,infect_test.png,PIL,uaf,8,0,FAILED,not triggered,1,False,linux_6.17.0_1008_nvidia_aarch64_with_glibc2.39,,,0,0.1
1775490071.0286787,infect_test.png,PIL,uaf,16,0,FAILED,not triggered,2,False,linux_6.17.0_1008_nvidia_aarch64_with_glibc2.39,,,0,0.1
1775490087.5451744,infect_test.png,PIL,uaf,24,0,FAILED,not triggered,3,False,linux_6.17.0_1008_nvidia_aarch64_with_glibc2.39,,,0,0.1
1775490104.350615,infect_test.png,PIL,uaf,32,0,FAILED,not triggered,4,False,linux_6.17.0_1008_nvidia_aarch64_with_glibc2.39,,,0,0.1
1775490036.3311598,infect_test.png,eog,optimization_bypass,0,0,FAILED,not triggered,0,False,linux_6.17.0_1008_nvidia_aarch64_with_glibc2.39,,,0,0.1
1775490053.653876,infect_test.png,eog,optimization_bypass,8,0,FAILED,not triggered,1,False,linux_6.17.0_1008_nvidia_aarch64_with_glibc2.39,,,0,0.1
1775490070.8187275,infect_test.png,eog,optimization_bypass,16,0,FAILED,not triggered,2,False,linux_6.17.0_1008_nvidia_aarch64_with_glibc2.39,,,0,0.1
1775490087.6935806,infect_test.png,eog,optimization_bypass,24,0,FAILED,not triggered,3,False,linux_6.17.0_1008_nvidia_aarch64_with_glibc2.39,,,0,0.1
1775490104.8515236,infect_test.png,eog,optimization_bypass,32,0,FAILED,not triggered,4,False,linux_6.17.0_1008_nvidia_aarch64_with_glibc2.39,,,0,0.1
1775490036.2830977,infect_test.png,PIL,generic_viewer,0,0,FAILED,not triggered,0,False,linux_6.17.0_1008_nvidia_aarch64_with_glibc2.39,,,0,0.1
1775490053.491025,infect_test.png,PIL,generic_viewer,8,0,FAILED,not triggered,1,False,linux_6.17.0_1008_nvidia_aarch64_with_glibc2.39,,,0,0.1
1775490070.310891,infect_test.png,PIL,generic_viewer,16,0,FAILED,not triggered,2,False,linux_6.17.0_1008_nvidia_aarch64_with_glibc2.39,,,0,0.1
1775490087.3772373,infect_test.png,PIL,generic_viewer,24,0,FAILED,not triggered,3,False,linux_6.17.0_1008_nvidia_aarch64_with_glibc2.39,,,0,0.1
1775490104.6236837,infect_test.png,PIL,generic_viewer,32,0,FAILED,not triggered,4,False,linux_6.17.0_1008_nvidia_aarch64_with_glibc2.39,,,0,0.1
1775490036.3657584,infect_test.png,eog,overflow,0,0,FAILED,not triggered,0,False,linux_6.17.0_1008_nvidia_aarch64_with_glibc2.39,,,0,0.1
1775490053.4208324,infect_test.png,eog,overflow,8,0,FAILED,not triggered,1,False,linux_6.17.0_1008_nvidia_aarch64_with_glibc2.39,,,0,0.1
1775490070.5283027,infect_test.png,eog,overflow,16,0,FAILED,not triggered,2,False,linux_6.17.0_1008_nvidia_aarch64_with_glibc2.39,,,0,0.1
1775490087.371111,infect_test.png,eog,overflow,24,0,FAILED,not triggered,3,False,linux_6.17.0_1008_nvidia_aarch64_with_glibc2.39,,,0,0.1
1775490104.6228938,infect_test.png,eog,overflow,32,0,FAILED,not triggered,4,False,linux_6.17.0_1008_nvidia_aarch64_with_glibc2.39,,,0,0.1
1775490036.3948445,infect_test.png,PIL,double_free,0,0,FAILED,not triggered,0,False,linux_6.17.0_1008_nvidia_aarch64_with_glibc2.39,,,0,0.1
1775490053.9269,infect_test.png,PIL,double_free,8,0,FAILED,not triggered,1,False,linux_6.17.0_1008_nvidia_aarch64_with_glibc2.39,,,0,0.1
1775490070.735435,infect_test.png,PIL,double_free,16,0,FAILED,not triggered,2,False,linux_6.17.0_1008_nvidia_aarch64_with_glibc2.39,,,0,0.1
1775490087.7378838,infect_test.png,PIL,double_free,24,0,FAILED,not triggered,3,False,linux_6.17.0_1008_nvidia_aarch64_with_glibc2.39,,,0,0.1
1775490105.1436229,infect_test.png,PIL,double_free,32,0,FAILED,not triggered,4,False,linux_6.17.0_1008_nvidia_aarch64_with_glibc2.39,,,0,0.1
1775490036.278213,infect_test.png,PIL,metadata_trigger,0,0,FAILED,not triggered,0,False,linux_6.17.0_1008_nvidia_aarch64_with_glibc2.39,,,0,0.1
1775490053.5864766,infect_test.png,PIL,metadata_trigger,8,0,FAILED,not triggered,1,False,linux_6.17.0_1008_nvidia_aarch64_with_glibc2.39,,,0,0.1
1775490070.7349815,infect_test.png,PIL,metadata_trigger,16,0,FAILED,not triggered,2,False,linux_6.17.0_1008_nvidia_aarch64_with_glibc2.39,,,0,0.1
1775490087.6398044,infect_test.png,PIL,metadata_trigger,24,0,FAILED,not triggered,3,False,linux_6.17.0_1008_nvidia_aarch64_with_glibc2.39,,,0,0.1
1775490104.9040098,infect_test.png,PIL,metadata_trigger,32,0,FAILED,not triggered,4,False,linux_6.17.0_1008_nvidia_aarch64_with_glibc2.39,,,0,0.1
1775490036.1718204,infect_test.png,eog,metadata_trigger,0,0,FAILED,not triggered,0,False,linux_6.17.0_1008_nvidia_aarch64_with_glibc2.39,,,0,0.1
1775490053.9255939,infect_test.png,eog,metadata_trigger,8,0,FAILED,not triggered,1,False,linux_6.17.0_1008_nvidia_aarch64_with_glibc2.39,,,0,0.1
1775490071.0868733,infect_test.png,eog,metadata_trigger,16,0,FAILED,not triggered,2,False,linux_6.17.0_1008_nvidia_aarch64_with_glibc2.39,,,0,0.1
1775490088.0392854,infect_test.png,eog,metadata_trigger,24,0,FAILED,not triggered,3,False,linux_6.17.0_1008_nvidia_aarch64_with_glibc2.39,,,0,0.1
1775490104.843055,infect_test.png,eog,metadata_trigger,32,0,FAILED,not triggered,4,False,linux_6.17.0_1008_nvidia_aarch64_with_glibc2.39,,,0,0.1
1775490036.3352094,infect_test.png,PIL,optimization_bypass,0,0,FAILED,not triggered,0,False,linux_6.17.0_1008_nvidia_aarch64_with_glibc2.39,,,0,0.1
1775490053.7934854,infect_test.png,PIL,optimization_bypass,8,0,FAILED,not triggered,1,False,linux_6.17.0_1008_nvidia_aarch64_with_glibc2.39,,,0,0.1
1775490070.8184786,infect_test.png,PIL,optimization_bypass,16,0,FAILED,not triggered,2,False,linux_6.17.0_1008_nvidia_aarch64_with_glibc2.39,,,0,0.1
1775490087.8689485,infect_test.png,PIL,optimization_bypass,24,0,FAILED,not triggered,3,False,linux_6.17.0_1008_nvidia_aarch64_with_glibc2.39,,,0,0.1
1775490105.0671873,infect_test.png,PIL,optimization_bypass,32,0,FAILED,not triggered,4,False,linux_6.17.0_1008_nvidia_aarch64_with_glibc2.39,,,0,0.1
1775490036.2088406,infect_test.png,eog,aggressive_viewer,0,0,FAILED,not triggered,0,False,linux_6.17.0_1008_nvidia_aarch64_with_glibc2.39,,,0,0.1
1775490063.5854666,infect_test.png,eog,aggressive_viewer,8,0,FAILED,not triggered,1,False,linux_6.17.0_1008_nvidia_aarch64_with_glibc2.39,,,0,0.1
1775490080.843185,infect_test.png,eog,aggressive_viewer,16,0,FAILED,not triggered,2,False,linux_6.17.0_1008_nvidia_aarch64_with_glibc2.39,,,0,0.1
1775490097.850565,infect_test.png,eog,aggressive_viewer,24,0,FAILED,not triggered,3,False,linux_6.17.0_1008_nvidia_aarch64_with_glibc2.39,,,0,0.1
1775490114.9681528,infect_test.png,eog,aggressive_viewer,32,0,FAILED,not triggered,4,False,linux_6.17.0_1008_nvidia_aarch64_with_glibc2.39,,,0,0.1
1775490036.2507038,infect_test.png,firefox,aggressive_viewer,0,0,FAILED,not triggered,0,False,linux_6.17.0_1008_nvidia_aarch64_with_glibc2.39,,,0,0.1
1775490063.3769321,infect_test.png,firefox,aggressive_viewer,8,0,FAILED,not triggered,1,False,linux_6.17.0_1008_nvidia_aarch64_with_glibc2.39,,,0,0.1
1775490090.562595,infect_test.png,firefox,aggressive_viewer,16,0,FAILED,not triggered,2,False,linux_6.17.0_1008_nvidia_aarch64_with_glibc2.39,,,0,0.1
1775490117.3907373,infect_test.png,firefox,aggressive_viewer,24,0,FAILED,not triggered,3,False,linux_6.17.0_1008_nvidia_aarch64_with_glibc2.39,,,0,0.1
1775490144.3754554,infect_test.png,firefox,aggressive_viewer,32,0,FAILED,not triggered,4,False,linux_6.17.0_1008_nvidia_aarch64_with_glibc2.39,,,0,0.1
1775490036.3950891,infect_test.png,firefox,uaf,0,0,FAILED,not triggered,0,False,linux_6.17.0_1008_nvidia_aarch64_with_glibc2.39,,,0,0.1
1775490063.584952,infect_test.png,firefox,uaf,8,0,FAILED,not triggered,1,False,linux_6.17.0_1008_nvidia_aarch64_with_glibc2.39,,,0,0.1
1775490090.478538,infect_test.png,firefox,uaf,16,0,FAILED,not triggered,2,False,linux_6.17.0_1008_nvidia_aarch64_with_glibc2.39,,,0,0.1
1775490117.6350384,infect_test.png,firefox,uaf,24,0,FAILED,not triggered,3,False,linux_6.17.0_1008_nvidia_aarch64_with_glibc2.39,,,0,0.1
1775490144.792268,infect_test.png,firefox,uaf,32,0,FAILED,not triggered,4,False,linux_6.17.0_1008_nvidia_aarch64_with_glibc2.39,,,0,0.1
1775490036.2692049,infect_test.png,firefox,metadata_trigger,0,0,FAILED,not triggered,0,False,linux_6.17.0_1008_nvidia_aarch64_with_glibc2.39,,,0,0.1
1775490063.0624702,infect_test.png,firefox,metadata_trigger,8,0,FAILED,not triggered,1,False,linux_6.17.0_1008_nvidia_aarch64_with_glibc2.39,,,0,0.1
1775490090.1703365,infect_test.png,firefox,metadata_trigger,16,0,FAILED,not triggered,2,False,linux_6.17.0_1008_nvidia_aarch64_with_glibc2.39,,,0,0.1
1775490117.2807221,infect_test.png,firefox,metadata_trigger,24,0,FAILED,not triggered,3,False,linux_6.17.0_1008_nvidia_aarch64_with_glibc2.39,,,0,0.1
1775490144.3124087,infect_test.png,firefox,metadata_trigger,32,0,FAILED,not triggered,4,False,linux_6.17.0_1008_nvidia_aarch64_with_glibc2.39,,,0,0.1
1775490036.2351377,infect_test.png,firefox,generic_viewer,0,0,FAILED,not triggered,0,False,linux_6.17.0_1008_nvidia_aarch64_with_glibc2.39,,,0,0.1
1775490063.199238,infect_test.png,firefox,generic_viewer,8,0,FAILED,not triggered,1,False,linux_6.17.0_1008_nvidia_aarch64_with_glibc2.39,,,0,0.1
1775490090.1748176,infect_test.png,firefox,generic_viewer,16,0,FAILED,not triggered,2,False,linux_6.17.0_1008_nvidia_aarch64_with_glibc2.39,,,0,0.1
1775490117.1144104,infect_test.png,firefox,generic_viewer,24,0,FAILED,not triggered,3,False,linux_6.17.0_1008_nvidia_aarch64_with_glibc2.39,,,0,0.1
1775490144.3123705,infect_test.png,firefox,generic_viewer,32,0,FAILED,not triggered,4,False,linux_6.17.0_1008_nvidia_aarch64_with_glibc2.39,,,0,0.1
1775490036.414088,infect_test.png,firefox,overflow,0,0,FAILED,not triggered,0,False,linux_6.17.0_1008_nvidia_aarch64_with_glibc2.39,,,0,0.1
1775490063.5742836,infect_test.png,firefox,overflow,8,0,FAILED,not triggered,1,False,linux_6.17.0_1008_nvidia_aarch64_with_glibc2.39,,,0,0.1
1775490090.671236,infect_test.png,firefox,overflow,16,0,FAILED,not triggered,2,False,linux_6.17.0_1008_nvidia_aarch64_with_glibc2.39,,,0,0.1
1775490117.7448926,infect_test.png,firefox,overflow,24,0,FAILED,not triggered,3,False,linux_6.17.0_1008_nvidia_aarch64_with_glibc2.39,,,0,0.1
1775490144.5364292,infect_test.png,firefox,overflow,32,0,FAILED,not triggered,4,False,linux_6.17.0_1008_nvidia_aarch64_with_glibc2.39,,,0,0.1
1775490036.4028885,infect_test.png,firefox,optimization_bypass,0,0,FAILED,not triggered,0,False,linux_6.17.0_1008_nvidia_aarch64_with_glibc2.39,,,0,0.1
1775490063.8409731,infect_test.png,firefox,optimization_bypass,8,0,FAILED,not triggered,1,False,linux_6.17.0_1008_nvidia_aarch64_with_glibc2.39,,,0,0.1
1775490090.3906374,infect_test.png,firefox,optimization_bypass,16,0,FAILED,not triggered,2,False,linux_6.17.0_1008_nvidia_aarch64_with_glibc2.39,,,0,0.1
1775490117.614922,infect_test.png,firefox,optimization_bypass,24,0,FAILED,not triggered,3,False,linux_6.17.0_1008_nvidia_aarch64_with_glibc2.39,,,0,0.1
1775490144.779421,infect_test.png,firefox,optimization_bypass,32,0,FAILED,not triggered,4,False,linux_6.17.0_1008_nvidia_aarch64_with_glibc2.39,,,0,0.1
1775490036.403482,infect_test.png,firefox,double_free,0,0,FAILED,not triggered,0,False,linux_6.17.0_1008_nvidia_aarch64_with_glibc2.39,,,0,0.1
1775490063.5865068,infect_test.png,firefox,double_free,8,0,FAILED,not triggered,1,False,linux_6.17.0_1008_nvidia_aarch64_with_glibc2.39,,,0,0.1
1775490090.8602784,infect_test.png,firefox,double_free,16,0,FAILED,not triggered,2,False,linux_6.17.0_1008_nvidia_aarch64_with_glibc2.39,,,0,0.1
1775490117.9208002,infect_test.png,firefox,double_free,24,0,FAILED,not triggered,3,False,linux_6.17.0_1008_nvidia_aarch64_with_glibc2.39,,,0,0.1
1775490144.9329677,infect_test.png,firefox,double_free,32,0,FAILED,not triggered,4,False,linux_6.17.0_1008_nvidia_aarch64_with_glibc2.39,,,0,0.1
1775490036.3977451,infect_test.png,eog,uaf,0,0,FAILED,not triggered,0,False,linux_6.17.0_1008_nvidia_aarch64_with_glibc2.39,,,0,0.1
1775490142.7651618,infect_test.png,eog,uaf,8,0,FAILED,not triggered,1,False,linux_6.17.0_1008_nvidia_aarch64_with_glibc2.39,,,0,0.1
1775490259.452064,infect_test.png,eog,uaf,16,0,FAILED,not triggered,2,False,linux_6.17.0_1008_nvidia_aarch64_with_glibc2.39,,,0,0.1
1775490375.7035832,infect_test.png,eog,uaf,24,0,FAILED,not triggered,3,False,linux_6.17.0_1008_nvidia_aarch64_with_glibc2.39,,,0,0.1
1775490492.0272753,infect_test.png,eog,uaf,32,0,FAILED,not triggered,4,False,linux_6.17.0_1008_nvidia_aarch64_with_glibc2.39,,,0,0.1
